[
    {
        "nombre": "River Plate",
        "pj": 0,
        "pg": 0,
        "pe": 0,
        "pp": 0,
        "puntos": 0
    },
    {
        "nombre": "Boca Juniors",
        "pj": 0,
        "pg": 0,
        "pe": 0,
        "pp": 0,
        "puntos": 0
    },
    {
        "nombre": "Racing Club",
        "pj": 0,
        "pg": 0,
        "pe": 0,
        "pp": 0,
        "puntos": 0
    },
    {
        "nombre": "Independiente",
        "pj": 0,
        "pg": 0,
        "pe": 0,
        "pp": 0,
        "puntos": 0
    },
    {
        "nombre": "San Lorenzo",
        "pj": 0,
        "pg": 0,
        "pe": 0,
        "pp": 0,
        "puntos": 0
    },
    {
        "nombre": "Huracan",
        "pj": 0,
        "pg": 0,
        "pe": 0,
        "pp": 0,
        "puntos": 0
    },
    {
        "nombre": "Velez Sarsfield",
        "pj": 0,
        "pg": 0,
        "pe": 0,
        "pp": 0,
        "puntos": 0
    },
    {
        "nombre": "Estudiantes",
        "pj": 0,
        "pg": 0,
        "pe": 0,
        "pp": 0,
        "puntos": 0
    },
    {
        "nombre": "Gimnasia",
        "pj": 0,
        "pg": 0,
        "pe": 0,
        "pp": 0,
        "puntos": 0
    },
    {
        "nombre": "Newell's Old Boys",
        "pj": 0,
        "pg": 0,
        "pe": 0,
        "pp": 0,
        "puntos": 0
    },
    {
        "nombre": "Rosario Central",
        "pj": 0,
        "pg": 0,
        "pe": 0,
        "pp": 0,
        "puntos": 0
    },
    {
        "nombre": "Argentinos Juniors",
        "pj": 0,
        "pg": 0,
        "pe": 0,
        "pp": 0,
        "puntos": 0
    }
]